{"cameraMode":{"drawMode":0,"name":"Shaded","section":"Shading Mode"},"sceneLighting":true,"audioPlay":false,"sceneViewState":{"showFog":true,"showMaterialUpdate":false,"showSkybox":true,"showFlares":true,"showImageEffects":true,"showParticleSystems":true},"in2DMode":false,"pivot":{"x":153.38429260253907,"y":60.15734100341797,"z":-53.87944030761719},"rotation":{"x":0.1486833542585373,"y":-0.5121433138847351,"z":0.090253084897995,"w":0.8411856889724731},"size":67.833251953125,"orthographic":true}