{"cameraMode":{"drawMode":0,"name":"Shaded","section":"Shading Mode"},"sceneLighting":false,"audioPlay":false,"sceneViewState":{"showFog":true,"showMaterialUpdate":false,"showSkybox":false,"showFlares":true,"showImageEffects":true,"showParticleSystems":true},"in2DMode":false,"pivot":{"x":555.5792236328125,"y":239.29055786132813,"z":-0.1332244873046875},"rotation":{"x":0.001065805903635919,"y":-0.9986199140548706,"z":0.04828162118792534,"w":0.02205689810216427},"size":104.22809600830078,"orthographic":false}