{"cameraMode":{"drawMode":0,"name":"Shaded","section":"Shading Mode"},"sceneLighting":false,"audioPlay":false,"sceneViewState":{"showFog":true,"showMaterialUpdate":false,"showSkybox":false,"showFlares":true,"showImageEffects":true,"showParticleSystems":true},"in2DMode":false,"pivot":{"x":-1.000030517578125,"y":0.4000000059604645,"z":7.70001220703125},"rotation":{"x":-0.18495534360408784,"y":-0.05392569303512573,"z":0.010164172388613224,"w":-0.981217086315155},"size":2333.452392578125,"orthographic":false}