{"cameraMode":{"drawMode":0,"name":"Shaded","section":"Shading Mode"},"sceneLighting":false,"audioPlay":false,"sceneViewState":{"showFog":true,"showMaterialUpdate":false,"showSkybox":false,"showFlares":true,"showImageEffects":true,"showParticleSystems":true},"in2DMode":false,"pivot":{"x":-0.6330270767211914,"y":1.3437042236328126,"z":2.6942057609558107},"rotation":{"x":-0.032552339136600497,"y":-0.08983626961708069,"z":-0.0029377362225204708,"w":0.9954239726066589},"size":2.3030948638916017,"orthographic":false}