{"cameraMode":{"drawMode":0,"name":"Shaded","section":"Shading Mode"},"sceneLighting":false,"audioPlay":false,"sceneViewState":{"showFog":true,"showMaterialUpdate":false,"showSkybox":false,"showFlares":true,"showImageEffects":true,"showParticleSystems":true},"in2DMode":false,"pivot":{"x":-1.000030517578125,"y":0.7021424770355225,"z":7.70001220703125},"rotation":{"x":-0.028820941224694253,"y":0.7706461548805237,"z":-0.03494153544306755,"w":-0.6356523036956787},"size":584.7333984375,"orthographic":false}