{"cameraMode":{"drawMode":0,"name":"Shaded","section":"Shading Mode"},"sceneLighting":false,"audioPlay":false,"sceneViewState":{"showFog":true,"showMaterialUpdate":false,"showSkybox":false,"showFlares":true,"showImageEffects":true,"showParticleSystems":true},"in2DMode":false,"pivot":{"x":0.6769999861717224,"y":2.197999954223633,"z":2.0450000762939455},"rotation":{"x":-0.039554253220558169,"y":0.25813814997673037,"z":-0.010017319582402707,"w":-0.9653547406196594},"size":1.5291569232940674,"orthographic":false}