{"cameraMode":{"drawMode":0,"name":"Shaded","section":"Shading Mode"},"sceneLighting":false,"audioPlay":false,"sceneViewState":{"showFog":true,"showMaterialUpdate":false,"showSkybox":false,"showFlares":true,"showImageEffects":true,"showParticleSystems":true},"in2DMode":false,"pivot":{"x":0.22576068341732026,"y":1.91676926612854,"z":2.120758533477783},"rotation":{"x":0.01153682079166174,"y":0.11551017314195633,"z":0.0020348404068499805,"w":-0.9933502674102783},"size":1.195426344871521,"orthographic":false}