{"cameraMode":{"drawMode":0,"name":"Shaded","section":"Shading Mode"},"sceneLighting":false,"audioPlay":false,"sceneViewState":{"showFog":true,"showMaterialUpdate":false,"showSkybox":false,"showFlares":true,"showImageEffects":true,"showParticleSystems":true},"in2DMode":false,"pivot":{"x":-1.3136074542999268,"y":0.6252226233482361,"z":0.3774999976158142},"rotation":{"x":-0.11975070089101792,"y":-0.16568711400032044,"z":0.020649654790759088,"w":-0.9787634611129761},"size":0.9118395447731018,"orthographic":false}