{"cameraMode":{"drawMode":0,"name":"Shaded","section":"Shading Mode"},"sceneLighting":true,"audioPlay":false,"sceneViewState":{"showFog":true,"showMaterialUpdate":false,"showSkybox":true,"showFlares":true,"showImageEffects":true,"showParticleSystems":true},"in2DMode":false,"pivot":{"x":-1.224985122680664,"y":2.560279369354248,"z":0.3938417434692383},"rotation":{"x":0.08864197880029679,"y":-0.4859538972377777,"z":0.047707777470350268,"w":0.8683561682701111},"size":17.299671173095704,"orthographic":false}