{"cameraMode":{"drawMode":0,"name":"Shaded","section":"Shading Mode"},"sceneLighting":false,"audioPlay":false,"sceneViewState":{"showFog":true,"showMaterialUpdate":false,"showSkybox":false,"showFlares":true,"showImageEffects":true,"showParticleSystems":true},"in2DMode":false,"pivot":{"x":589.883056640625,"y":42.39291000366211,"z":710.797607421875},"rotation":{"x":0.057770367711782458,"y":0.015467547811567784,"z":-0.0008949100156314671,"w":0.9982486367225647},"size":275.13909912109377,"orthographic":false}