{"cameraMode":{"drawMode":0,"name":"Shaded","section":"Shading Mode"},"sceneLighting":true,"audioPlay":false,"sceneViewState":{"showFog":true,"showMaterialUpdate":false,"showSkybox":true,"showFlares":true,"showImageEffects":true,"showParticleSystems":true},"in2DMode":false,"pivot":{"x":3.4943814277648927,"y":3.0288753509521486,"z":7.150653839111328},"rotation":{"x":-0.17156757414340974,"y":-0.05782241001725197,"z":0.011994763277471066,"w":-0.9835768938064575},"size":8.715596199035645,"orthographic":false}