{"cameraMode":{"drawMode":0,"name":"Shaded","section":"Shading Mode"},"sceneLighting":false,"audioPlay":false,"sceneViewState":{"showFog":true,"showMaterialUpdate":false,"showSkybox":false,"showFlares":true,"showImageEffects":true,"showParticleSystems":true},"in2DMode":false,"pivot":{"x":589.883056640625,"y":42.39291000366211,"z":710.797607421875},"rotation":{"x":0.046628765761852267,"y":-0.16654442250728608,"z":0.007889237254858017,"w":0.9849388599395752},"size":275.13909912109377,"orthographic":false}