{"cameraMode":{"drawMode":0,"name":"Shaded","section":"Shading Mode"},"sceneLighting":false,"audioPlay":false,"sceneViewState":{"showFog":true,"showMaterialUpdate":false,"showSkybox":false,"showFlares":true,"showImageEffects":true,"showParticleSystems":true},"in2DMode":false,"pivot":{"x":-1.3839999437332154,"y":0.4350000023841858,"z":-0.32199999690055849},"rotation":{"x":-0.013376763090491295,"y":-0.31267938017845156,"z":-0.0063600908033549789,"w":0.9499025940895081},"size":1.195426344871521,"orthographic":false}