{"cameraMode":{"drawMode":0,"name":"Shaded","section":"Shading Mode"},"sceneLighting":false,"audioPlay":false,"sceneViewState":{"showFog":true,"showMaterialUpdate":false,"showSkybox":false,"showFlares":true,"showImageEffects":true,"showParticleSystems":true},"in2DMode":false,"pivot":{"x":8.0,"y":0.10000000149011612,"z":-7.000030517578125},"rotation":{"x":-0.22590941190719605,"y":-0.7720770239830017,"z":0.4506203830242157,"w":-0.38706135749816897},"size":377.00872802734377,"orthographic":false}